Date,Next_Date,Strategy_Return,Long_Stocks,Short_Stocks,Cumulative_Return
2023-02-27,2023-03-13,0.0012110428752398943,"BEL, TATAPOWER, HAVELLS","CUMMINSIND, TRENT, UBL",1.0012110428752399
2023-03-13,2023-03-27,-0.0008022435861543652,"TORNTPHARM, UBL, LTI","HAVELLS, POLYCAB, CUMMINSIND",1.0004078277377064
2023-03-27,2023-04-10,0.0033839054088236433,"TORNTPHARM, UBL, BEL","CUMMINSIND, HAVELLS, TATAPOWER",1.0037931131970175
2023-04-10,2023-04-24,0.010056532590470823,"TRENT, TORNTPHARM, HAVELLS","LTI, CUMMINSIND, POLYCAB",1.0138877913539734
2023-04-24,2023-05-08,0.006805714558695772,"TRENT, HAVELLS, BALKRISIND","POLYCAB, UBL, BEL",1.0207880222564751
2023-05-08,2023-05-22,-0.0097572257135119,"LTI, POLYCAB, BALKRISIND","TRENT, HAVELLS, BEL",1.0108279631176693
2023-05-22,2023-06-05,-0.006047463901272539,"LTI, POLYCAB, BEL","TATAPOWER, HAVELLS, TRENT",1.0047150175003183
2023-06-05,2023-06-19,-0.006515013986750057,"BEL, POLYCAB, LTI","TRENT, CUMMINSIND, TATAPOWER",0.9981692851086059
2023-06-19,2023-07-03,-0.006621746500831326,"BEL, BALKRISIND, TRENT","TORNTPHARM, CUMMINSIND, TATAPOWER",0.9915596611377007
2023-07-03,2023-07-17,-0.006282657758355695,"BEL, TRENT, LTI","CUMMINSIND, TATAPOWER, TORNTPHARM",0.9853300311397813
2023-07-17,2023-07-31,0.008220525934949608,"LTI, UBL, BALKRISIND","POLYCAB, TATAPOWER, CUMMINSIND",0.9934299622152507
2023-07-31,2023-08-14,-0.0034786984138935207,"LTI, BALKRISIND, BEL","UBL, TORNTPHARM, CUMMINSIND",0.9899741189813782
2023-08-14,2023-08-28,-0.00012158426962455976,"POLYCAB, LTI, TATAPOWER","HAVELLS, TORNTPHARM, UBL",0.9898537537011746
2023-08-28,2023-09-11,0.0005245234070517085,"POLYCAB, HAVELLS, LTI","UBL, CUMMINSIND, BEL",0.9903729551645488
2023-09-11,2023-09-25,0.0002289245016570089,"TRENT, TATAPOWER, HAVELLS","UBL, TORNTPHARM, BEL",0.9905996757997644
2023-09-25,2023-10-09,-0.004578348630305915,"TRENT, TATAPOWER, CUMMINSIND","BALKRISIND, UBL, HAVELLS",0.986064365130885
2023-10-09,2023-10-23,-0.002965271824916633,"CUMMINSIND, TORNTPHARM, POLYCAB","UBL, HAVELLS, BALKRISIND",0.983140416251408
2023-10-23,2023-11-06,0.0020633951408849907,"CUMMINSIND, LTI, UBL","TATAPOWER, BEL, BALKRISIND",0.9851690234091088
2023-11-06,2023-11-20,0.00931314540036414,"CUMMINSIND, HAVELLS, TRENT","TORNTPHARM, UBL, BEL",0.9943440457680526
2023-11-20,2023-12-04,-0.009005394203713334,"BALKRISIND, POLYCAB, BEL","UBL, TORNTPHARM, TATAPOWER",0.985389585661796
2023-12-04,2023-12-18,0.0050604297735807775,"BALKRISIND, BEL, CUMMINSIND","TORNTPHARM, TRENT, HAVELLS",0.9903760804596554
2023-12-18,2024-01-01,-0.0057482142057179485,"CUMMINSIND, TATAPOWER, BEL","TRENT, LTI, POLYCAB",0.984683186604954
2024-01-01,2024-01-15,-0.007652160196552135,"CUMMINSIND, TRENT, BEL","POLYCAB, HAVELLS, UBL",0.9771482331182014
2024-01-15,2024-01-29,-0.013431590074375693,"BALKRISIND, BEL, CUMMINSIND","TATAPOWER, HAVELLS, UBL",0.9640235786090573
2024-01-29,2024-02-12,0.010206522031070175,"BEL, LTI, BALKRISIND","CUMMINSIND, HAVELLS, TATAPOWER",0.9738629065026017
2024-02-12,2024-02-26,-0.004893258877126925,"CUMMINSIND, POLYCAB, LTI","BEL, BALKRISIND, TATAPOWER",0.9690975431902532
2024-02-26,2024-03-11,-0.010018612246824269,"TORNTPHARM, CUMMINSIND, HAVELLS","BEL, UBL, BALKRISIND",0.95938853067568
2024-03-11,2024-03-25,0.0011347670115630704,"CUMMINSIND, LTI, HAVELLS","TRENT, UBL, BALKRISIND",0.9604772131315628
2024-03-25,2024-04-08,0.0011909939400060216,"LTI, HAVELLS, TATAPOWER","TORNTPHARM, CUMMINSIND, BALKRISIND",0.9616211356719164
2024-04-08,2024-04-22,0.0002554823898311286,"POLYCAB, HAVELLS, UBL","TORNTPHARM, TRENT, BALKRISIND",0.96186681293777
2024-04-22,2024-05-06,0.008410901178524263,"BEL, CUMMINSIND, HAVELLS","TATAPOWER, TRENT, LTI",0.9699569796482916
2024-05-06,2024-05-20,-0.0011795142555737525,"TRENT, BEL, TORNTPHARM","TATAPOWER, LTI, HAVELLS",0.9688129015635033
2024-05-20,2024-06-03,0.006489385800315915,"TORNTPHARM, TRENT, LTI","BALKRISIND, CUMMINSIND, HAVELLS",0.9750999022500724
2024-06-03,2024-06-17,0.001947051606675753,"BEL, TATAPOWER, UBL","TRENT, CUMMINSIND, POLYCAB",0.9769984720814178
2024-06-17,2024-07-01,-0.0006312098228182234,"BEL, LTI, CUMMINSIND","BALKRISIND, POLYCAB, TRENT",0.9763817810489617
2024-07-01,2024-07-15,-0.005960393066371534,"BEL, POLYCAB, LTI","TRENT, TATAPOWER, BALKRISIND",0.9705621618510659
2024-07-15,2024-07-29,-0.011501652332796467,"BEL, POLYCAB, CUMMINSIND","TORNTPHARM, BALKRISIND, TATAPOWER",0.9593990932980877
2024-07-29,2024-08-12,0.0029941549888580945,"BEL, CUMMINSIND, TRENT","UBL, HAVELLS, POLYCAB",0.9622716828795922
2024-08-12,2024-08-26,-0.006979694105698255,"BEL, CUMMINSIND, POLYCAB","BALKRISIND, LTI, UBL",0.9555553208865172
2024-08-26,2024-09-09,-0.013164190632678777,"POLYCAB, TATAPOWER, BEL","TRENT, UBL, BALKRISIND",0.9429762084822965
2024-09-09,2024-09-23,0.0005519412898820996,"POLYCAB, HAVELLS, BEL","TORNTPHARM, CUMMINSIND, TRENT",0.9434966759871343
2024-09-23,2024-10-07,0.0025821359831453214,"BALKRISIND, POLYCAB, BEL","TRENT, CUMMINSIND, TORNTPHARM",0.9459329127041786
2024-10-07,2024-10-21,-0.004917638670277762,"BEL, TRENT, BALKRISIND","UBL, POLYCAB, HAVELLS",0.941281156433176
2024-10-21,2024-11-04,-0.006109357530336707,"LTI, TRENT, TORNTPHARM","HAVELLS, BALKRISIND, POLYCAB",0.9355305333119569
2024-11-04,2024-11-18,-0.005921815456269318,"LTI, TRENT, TORNTPHARM","TATAPOWER, BALKRISIND, POLYCAB",0.9299904941399783
2024-11-18,2024-12-02,0.0025210620267938524,"HAVELLS, TRENT, LTI","UBL, BALKRISIND, POLYCAB",0.9323350578600339
2024-12-02,2024-12-16,0.012159256913626931,"CUMMINSIND, HAVELLS, BEL","TATAPOWER, UBL, POLYCAB",0.9436715593581352
2024-12-16,2024-12-30,-0.003024802831213086,"UBL, HAVELLS, TRENT","TORNTPHARM, TATAPOWER, LTI",0.9408171389536534
2024-12-30,2025-01-13,-0.0006732076683060089,"TRENT, UBL, HAVELLS","BALKRISIND, POLYCAB, BEL",0.9401837736412361
2025-01-13,2025-01-27,0.0032734054295074527,"LTI, TRENT, CUMMINSIND","UBL, BALKRISIND, BEL",0.943261376310608
2025-01-27,2025-02-10,0.0032963367315663322,"TRENT, TORNTPHARM, CUMMINSIND","POLYCAB, UBL, HAVELLS",0.9463706834328085
2025-02-10,2025-02-24,0.00932100856392989,"BALKRISIND, CUMMINSIND, TRENT","TATAPOWER, HAVELLS, TORNTPHARM",0.9551918126777379
2025-02-24,2025-03-10,-0.007146132376723647,"POLYCAB, BALKRISIND, TRENT","BEL, CUMMINSIND, HAVELLS",0.9483658855391801
2025-03-10,2025-03-24,0.006746671743770565,"TORNTPHARM, POLYCAB, TATAPOWER","TRENT, CUMMINSIND, HAVELLS",0.9547641988619032
2025-03-24,2025-04-07,-0.0007489188276925069,"POLYCAB, TRENT, TATAPOWER","UBL, CUMMINSIND, HAVELLS",0.9540491579773689
2025-04-07,2025-04-21,0.004944775322937712,"TRENT, BALKRISIND, HAVELLS","CUMMINSIND, UBL, BEL",0.9587667167106049
2025-04-21,2025-05-05,-0.005347736809904194,"LTI, TRENT, UBL","BEL, TORNTPHARM, BALKRISIND",0.9536394846475406
2025-05-05,2025-05-19,-0.004179577237349846,"UBL, LTI, TRENT","TATAPOWER, HAVELLS, BALKRISIND",0.9496536747648696
2025-05-19,2025-06-02,-0.00575238201662119,"TRENT, BEL, UBL","LTI, HAVELLS, TATAPOWER",0.944190904044134
2025-06-02,2025-06-16,-0.004942009376817832,"TRENT, TORNTPHARM, POLYCAB","CUMMINSIND, TATAPOWER, HAVELLS",0.9395247037428417
2025-06-16,2025-06-30,-8.48112793232488e-06,"POLYCAB, TRENT, LTI","BEL, BALKRISIND, HAVELLS",0.9395167355136337
