Date,Open,High,Low,Close,Body,Range,Doji,Prev_Open,Prev_Close,Bullish_Engulfing,Upper_Wick,Lower_Wick,Body_Size,Hammer
2025-01-01,1.0931186182311754,1.0945101372922883,1.091240383941596,1.0919671245985,0.0011514936326753045,0.0032697533506922394,False,,,False,0.0013915190611129002,0.0007267406569040347,0.0011514936326753045,False
2025-01-02,1.0941019682365287,1.0942494547075925,1.093320044541935,1.093737456370461,0.00036451186606778485,0.0009294101656573961,False,1.0931186182311754,1.0919671245985,False,0.00014748647106377355,0.0004174118285258377,0.00036451186606778485,False
2025-01-03,1.0957758343521191,1.0969368463235944,1.0945025649983686,1.0962073799866523,0.0004315456345331814,0.002434281325225829,False,1.0941019682365287,1.093737456370461,False,0.0007294663369421528,0.0012732693537504947,0.0004315456345331814,False
2025-01-06,1.0978197601269633,1.0985398698750373,1.0964722450414015,1.0976669443712084,0.00015281575575487594,0.0020676248336357617,True,1.0957758343521191,1.0962073799866523,False,0.000720109748074016,0.0011946993298068698,0.00015281575575487594,False
2025-01-07,1.0996163280479867,1.0999015848144116,1.0993495079453586,1.0994947392410666,0.00012158880692014762,0.0005520768690530087,False,1.0978197601269633,1.0976669443712084,False,0.0002852567664248795,0.00014523129570798154,0.00012158880692014762,False
2025-01-08,1.0993285265686887,1.101419065717889,1.0988829247195646,1.098896444129584,0.00043208243910464184,0.002536140998324443,False,1.0996163280479867,1.0994947392410666,False,0.002090539149200321,1.3519410019480205e-05,0.00043208243910464184,False
2025-01-09,1.0961957859474678,1.097980307819084,1.094039298295039,1.0969762516710748,0.0007804657236070156,0.003941009524044858,False,1.0993285265686887,1.098896444129584,False,0.001004056148009136,0.002156487652428707,0.0007804657236070156,False
2025-01-10,1.0985652165689996,1.099723080904823,1.098070299098591,1.098691165044812,0.00012594847581226531,0.0016527818062319621,True,1.0961957859474678,1.0969762516710748,False,0.0010319158600111678,0.0004949174704085291,0.00012594847581226531,False
2025-01-13,1.093556684305395,1.0949268627117543,1.0934849143340617,1.0938457444347187,0.00028906012932372604,0.0014419483776926256,False,1.0985652165689996,1.098691165044812,False,0.0010811182770356087,7.176997133329088e-05,0.00028906012932372604,False
2025-01-14,1.0960145473925655,1.0960149023536545,1.0946044903945251,1.0958960495773589,0.00011849781520667513,0.0014104119591293873,True,1.093556684305395,1.0938457444347187,False,3.549610889663768e-07,0.0012915591828337458,0.00011849781520667513,False
2025-01-15,1.097518473547086,1.097738355095505,1.096417081112007,1.0974180833125824,0.00010039023450358897,0.001321273983498017,True,1.0960145473925655,1.0958960495773589,False,0.00021988154841912078,0.0010010022005753072,0.00010039023450358897,False
2025-01-16,1.0963095043495008,1.0966022994803462,1.0944765710879227,1.096145581979366,0.00016392237013485023,0.0021257283924234205,True,1.097518473547086,1.0974180833125824,False,0.0002927951308453469,0.0016690108914432233,0.00016392237013485023,False
2025-01-17,1.0971545628464838,1.09798891736811,1.095337172548718,1.096817320252989,0.00033724259349487973,0.002651744819392121,False,1.0963095043495008,1.096145581979366,False,0.0008343545216262793,0.001480147704270962,0.00033724259349487973,False
2025-01-20,1.0950331118418353,1.0952605719435482,1.0929479959420256,1.0951201401124628,8.702827062756491e-05,0.0023125760015225705,True,1.0971545628464838,1.096817320252989,False,0.0001404318310853636,0.002085115899809642,8.702827062756491e-05,False
2025-01-21,1.0933771169292434,1.0934962618916442,1.0926952254110165,1.0929870470717105,0.00039006985753298196,0.0008010364806276815,False,1.0950331118418353,1.0951201401124628,False,0.00011914496240073014,0.0002918216606939694,0.00039006985753298196,False
2025-01-22,1.0953830592791447,1.0962404029310286,1.0941917545030828,1.0955746883448698,0.0001916290657251185,0.0020486484279458317,True,1.0933771169292434,1.0929870470717105,False,0.0006657145861588276,0.0011913047760618856,0.0001916290657251185,False
2025-01-23,1.0960470149088253,1.0966592606005847,1.0957063807932566,1.096251674150799,0.00020465924197377028,0.0009528798073281664,False,1.0953830592791447,1.0955746883448698,False,0.0004075864497856685,0.0003406341155687276,0.00020465924197377028,False
2025-01-24,1.1015703370543604,1.1023781797977017,1.1001645099475343,1.1013985674610811,0.00017176959327924735,0.0022136698501673546,True,1.0960470149088253,1.096251674150799,False,0.000807842743341336,0.0012340575135467713,0.00017176959327924735,False
2025-01-27,1.1082116233186092,1.1109480877636724,1.1071679627026554,1.1081134856605594,9.813765804977947e-05,0.0037801250610169923,True,1.1015703370543604,1.1013985674610811,False,0.002736464445063147,0.0009455229579040658,9.813765804977947e-05,False
2025-01-28,1.1095308698759403,1.1110074107292418,1.1091298530940517,1.1100222578744066,0.0004913879984662639,0.0018775576351901524,False,1.1082116233186092,1.1081134856605594,False,0.0009851528548352473,0.0004010167818886412,0.0004913879984662639,False
2025-01-29,1.1120946991175926,1.112249974868086,1.1091994510790006,1.1109789214958696,0.0011157776217229909,0.0030505237890854353,False,1.1095308698759403,1.1100222578744066,False,0.00015527575049345543,0.001779470416868989,0.0011157776217229909,False
2025-01-30,1.1149275325259045,1.1164264568213802,1.1149048408754392,1.1154132288088796,0.00048569628297512324,0.001521615945941024,False,1.1120946991175926,1.1109789214958696,False,0.0010132280125005888,2.2691650465311852e-05,0.00048569628297512324,False
2025-01-31,1.1105868475451066,1.1124354498717983,1.1105553733012337,1.111348013982042,0.0007611664369353566,0.0018800765705646594,False,1.1149275325259045,1.1154132288088796,False,0.0010874358897563496,3.147424387295317e-05,0.0007611664369353566,False
2025-02-03,1.1092170669385593,1.1117848338597334,1.1057619677066184,1.108650215443171,0.0005668514953882653,0.006022866153114981,True,1.1105868475451066,1.111348013982042,False,0.0025677669211741083,0.002888247736552607,0.0005668514953882653,False
2025-02-04,1.108777207008882,1.109438236206812,1.1082081562663264,1.108513113641656,0.00026409336722599264,0.0012300799404856289,False,1.1092170669385593,1.108650215443171,False,0.0006610291979300964,0.0003049573753295398,0.00026409336722599264,False
2025-02-05,1.109886163628568,1.1102190844289572,1.1083028339018426,1.1096894332484903,0.00019673038007761434,0.001916250527114638,False,1.108777207008882,1.108513113641656,False,0.0003329208003892692,0.0013865993466477544,0.00019673038007761434,False
2025-02-06,1.1099914415222214,1.1112352971125157,1.1094324639582656,1.1103066948387224,0.0003152533165009519,0.0018028331542501164,False,1.109886163628568,1.1096894332484903,False,0.0009286022737933219,0.0005589775639558425,0.0003152533165009519,False
2025-02-07,1.1102688046477922,1.1126838996532806,1.1095823384201786,1.110967949486928,0.0006991448391358013,0.0031015612331020126,False,1.1099914415222214,1.1103066948387224,False,0.00171595016635262,0.0006864662276135913,0.0006991448391358013,False
2025-02-10,1.1130775589145243,1.1136559705582574,1.1121080990762429,1.1131872142725725,0.00010965535804818849,0.0015478714820145179,True,1.1102688046477922,1.110967949486928,False,0.00046875628568487926,0.0009694598382814501,0.00010965535804818849,False
2025-02-11,1.1135467752209942,1.1144297104966492,1.1129736822156582,1.1135696134608648,2.2838239870592858e-05,0.0014560282809910063,True,1.1130775589145243,1.1131872142725725,False,0.0008600970357843796,0.0005730930053360339,2.2838239870592858e-05,False
2025-02-12,1.115372791489741,1.1156028785337622,1.115031631278941,1.1153665809946132,6.210495127723092e-06,0.0005712472548211611,True,1.1135467752209942,1.1135696134608648,False,0.00023008704402127655,0.0003349497156721615,6.210495127723092e-06,False
2025-02-13,1.1164375107339897,1.1170561687272185,1.1152243921408642,1.1163906967416244,4.6813992365279944e-05,0.0018317765863542501,True,1.115372791489741,1.1153665809946132,False,0.0006186579932287994,0.0011663046007601707,4.6813992365279944e-05,False
2025-02-14,1.1159683429909837,1.1180209059127528,1.114096983414841,1.115347936684401,0.0006204063065826659,0.003923922497911736,False,1.1164375107339897,1.1163906967416244,False,0.002052562921769141,0.001250953269559929,0.0006204063065826659,False
2025-02-17,1.1131139159202683,1.113829408547804,1.1127218027879364,1.113662762431801,0.0005488465115326413,0.0011076057598675693,False,1.1159683429909837,1.115347936684401,False,0.00016664611600303303,0.00039211313233189493,0.0005488465115326413,False
2025-02-18,1.1105502420130546,1.1119501192062486,1.110302646167631,1.111504246423671,0.000954004410616438,0.001647473038617564,False,1.1131139159202683,1.113662762431801,False,0.0004458727825775721,0.00024759584542355384,0.000954004410616438,False
2025-02-19,1.1127260737905995,1.1136019993063933,1.1119273937365166,1.1129161255416251,0.00019005175102559946,0.0016746055698766416,False,1.1105502420130546,1.111504246423671,False,0.0006858737647681412,0.0007986800540829009,0.00019005175102559946,False
2025-02-20,1.1119911626611725,1.1156092019182062,1.1118018530904026,1.1128241922504576,0.0008330295892851058,0.003807348827803647,False,1.1127260737905995,1.1129161255416251,False,0.002785009667748639,0.00018930957076990218,0.0008330295892851058,False
2025-02-21,1.1164100819407854,1.1193023296964892,1.1161332563160256,1.1177785792386088,0.0013684972978234011,0.003169073380463683,False,1.1119911626611725,1.1128241922504576,False,0.0015237504578804462,0.0002768256247598355,0.0013684972978234011,False
2025-02-24,1.1193351776908655,1.1206254076218107,1.1180203617276372,1.1185738966355314,0.0007612810553341287,0.002605045894173541,False,1.1164100819407854,1.1177785792386088,False,0.001290229930945186,0.0005535349078942264,0.0007612810553341287,False
2025-02-25,1.1238545318946345,1.125332851259086,1.1236234863520072,1.1237655273489553,8.900454567917215e-05,0.0017093649070789585,True,1.1193351776908655,1.1185738966355314,False,0.0014783193644516412,0.0001420409969481451,8.900454567917215e-05,False
2025-02-26,1.1211689658964603,1.1216966027926671,1.1205302649359614,1.1214823685990218,0.00031340270256152714,0.0011663378567057237,False,1.1238545318946345,1.1237655273489553,False,0.00021423419364530183,0.0006387009604988947,0.00031340270256152714,True
2025-02-27,1.12197882287802,1.1224148773095268,1.1206274660598254,1.1221743673615,0.0001955444834798037,0.0017874112497013872,False,1.1211689658964603,1.1214823685990218,False,0.0002405099480269346,0.001351356818194649,0.0001955444834798037,False
2025-02-28,1.1204044943510385,1.1218254438270063,1.1193030015185994,1.1195327558774772,0.0008717384735612566,0.0025224423084069247,False,1.12197882287802,1.1221743673615,False,0.0014209494759678254,0.0002297543588778428,0.0008717384735612566,False
2025-03-03,1.120298681102866,1.1206203406880948,1.1191619605593257,1.1197336720764912,0.0005650090263746854,0.0014583801287690878,False,1.1204044943510385,1.1195327558774772,False,0.00032165958522889504,0.0005717115171655074,0.0005650090263746854,False
2025-03-04,1.1229475306122547,1.1239548547444314,1.121075184507326,1.1224986324566952,0.0004488981555594851,0.0028796702371054472,False,1.120298681102866,1.1197336720764912,False,0.0010073241321766346,0.0014234479493693275,0.0004488981555594851,False
2025-03-05,1.122472570506197,1.1228023541586345,1.1205543131414069,1.1223071376959728,0.00016543281022429746,0.002248041017227642,True,1.1229475306122547,1.1224986324566952,False,0.0003297836524374098,0.0017528245545659349,0.00016543281022429746,False
2025-03-06,1.1218966653893934,1.1233487150085435,1.1217657518679212,1.1224281898362023,0.0005315244468089286,0.00158296314062234,False,1.122472570506197,1.1223071376959728,False,0.0009205251723412022,0.00013091352147220903,0.0005315244468089286,False
2025-03-07,1.124190064019235,1.1256018919448607,1.1226389382363788,1.1242527544199297,6.269040069462051e-05,0.0029629537084818747,True,1.1218966653893934,1.1224281898362023,False,0.0013491375249310433,0.0015511257828562108,6.269040069462051e-05,False
2025-03-10,1.129367076465711,1.130217732021107,1.1281244279034346,1.1298398705280783,0.0004727940623672211,0.002093304117672501,False,1.124190064019235,1.1242527544199297,False,0.0003778614930287638,0.001242648562276516,0.0004727940623672211,True
2025-03-11,1.1295289954809815,1.1314844153689427,1.127708388935721,1.1285142233885217,0.0010147720924598147,0.003776026433221835,False,1.129367076465711,1.1298398705280783,False,0.0019554198879612184,0.0008058344528008021,0.0010147720924598147,False
2025-03-12,1.1263027308455338,1.1276842142497847,1.1262660190813965,1.126825910038495,0.0005231791929611873,0.0014181951683882588,False,1.1295289954809815,1.1285142233885217,False,0.0008583042112897399,3.671176413733157e-05,0.0005231791929611873,False
2025-03-13,1.1255066226271546,1.1263820740246426,1.124469411146262,1.1261598637796988,0.0006532411525441706,0.0019126628783805444,False,1.1263027308455338,1.126825910038495,False,0.00022221024494384345,0.0010372114808925303,0.0006532411525441706,False
2025-03-14,1.1259109687096007,1.1267786335717516,1.1251689926094854,1.126727430708009,0.0008164619984083465,0.0016096409622661234,False,1.1255066226271546,1.1261598637796988,False,5.120286374249439e-05,0.0007419761001152825,0.0008164619984083465,False
2025-03-17,1.1261298752953472,1.12656900331847,1.124629260342797,1.1257288106104062,0.00040106468494105485,0.00193974297567312,False,1.1259109687096007,1.126727430708009,False,0.0004391280231228478,0.0010995502676092173,0.00040106468494105485,False
2025-03-18,1.1264919657360997,1.128826775361581,1.1254664665461038,1.127325734126514,0.000833768390414269,0.00336030881547722,False,1.1261298752953472,1.1257288106104062,False,0.0015010412350671132,0.0010254991899958377,0.000833768390414269,False
2025-03-19,1.1303921884682575,1.131450545393672,1.128955590152033,1.1300877598223569,0.000304428645900634,0.0024949552416391185,False,1.1264919657360997,1.127325734126514,False,0.0010583569254145608,0.0011321696703239237,0.000304428645900634,False
2025-03-20,1.1281163106693124,1.1299712778320423,1.127054852566875,1.1279730741753322,0.00014323649398018112,0.0029164252651672218,True,1.1303921884682575,1.1300877598223569,False,0.0018549671627299258,0.0009182216084571149,0.00014323649398018112,False
2025-03-21,1.1327273383724294,1.1333324848582522,1.1314363464783277,1.132830234521567,0.00010289614913761014,0.001896138379924528,True,1.1281163106693124,1.1279730741753322,False,0.0005022503366851616,0.0012909918941017562,0.00010289614913761014,False
2025-03-24,1.1314426867104836,1.1315572675870151,1.1301868153084884,1.1301956916176077,0.0012469950928759577,0.0013704522785267237,False,1.1327273383724294,1.132830234521567,False,0.0001145808765314893,8.876309119276726e-06,0.0012469950928759577,False
2025-03-25,1.1316482564423025,1.1322903738834011,1.1315761456720277,1.1319218863864535,0.0002736299441510326,0.0007142282113734577,False,1.1314426867104836,1.1301956916176077,False,0.0003684874969476226,7.21107702748025e-05,0.0002736299441510326,False
2025-03-26,1.133335325643805,1.1337946687121012,1.131794417157679,1.1330869621667377,0.0002483634770673593,0.0020002515544221833,False,1.1316482564423025,1.1319218863864535,False,0.00045934306829620297,0.001292545009058621,0.0002483634770673593,False
2025-03-27,1.1378792013618515,1.1390825211757083,1.1376649433739,1.138497008492585,0.0006178071307334498,0.0014175778018084007,False,1.133335325643805,1.1330869621667377,False,0.0005855126831233459,0.0002142579879516049,0.0006178071307334498,False
2025-03-28,1.1373564978240942,1.1379376154941483,1.1370315020988715,1.137755711804462,0.00039921398036790734,0.0009061133952767975,False,1.1378792013618515,1.138497008492585,False,0.00018190368968618031,0.0003249957252227098,0.00039921398036790734,False
2025-03-31,1.1389086133800843,1.139511848845927,1.137512178609569,1.138531552663443,0.000377060716641342,0.001999670236358053,False,1.1373564978240942,1.137755711804462,False,0.000603235465842733,0.0010193740538739782,0.000377060716641342,False
2025-04-01,1.1400485555729247,1.1429872361518656,1.1388052042245314,1.14043457589491,0.0003860203219852032,0.00418203192733424,True,1.1389086133800843,1.138531552663443,False,0.0025526602569556633,0.0012433513483933734,0.0003860203219852032,False
2025-04-02,1.143205172763358,1.143254315556147,1.142838491568142,1.1432223885818449,1.721581848679321e-05,0.000415823988004993,True,1.1400485555729247,1.14043457589491,False,3.19269743020989e-05,0.0003666811952161009,1.721581848679321e-05,False
2025-04-03,1.1436886915903204,1.1450958804335218,1.1427551510017389,1.143344487378112,0.0003442042122083766,0.002340729431782984,False,1.143205172763358,1.1432223885818449,False,0.0014071888432014568,0.0005893363763731507,0.0003442042122083766,False
2025-04-04,1.1484350798344762,1.1484960506436974,1.1457746505320037,1.1483943181555936,4.076167888267257e-05,0.0027214001116937503,True,1.1436886915903204,1.143344487378112,False,6.0970809221183586e-05,0.002619667623589894,4.076167888267257e-05,False
2025-04-07,1.145873755304385,1.147623743587343,1.1448091820569668,1.1460813508624528,0.00020759555806781904,0.0028145615303762916,True,1.1484350798344762,1.1483943181555936,False,0.001542392724890318,0.0010645732474181546,0.00020759555806781904,False
2025-04-08,1.1444537073297394,1.1452748169056577,1.1426004163908778,1.1444268766007806,2.6830728958815442e-05,0.002674400514779851,True,1.145873755304385,1.1460813508624528,False,0.0008211095759182996,0.001826460209902736,2.6830728958815442e-05,False
2025-04-09,1.144037131356335,1.1466938585627926,1.1437497349014094,1.145094687905191,0.0010575565488561978,0.002944123661383191,False,1.1444537073297394,1.1444268766007806,True,0.0015991706576015119,0.0002873964549254815,0.0010575565488561978,False
2025-04-10,1.143322819929072,1.1455314113932706,1.1418915458333645,1.143462575036334,0.00013975510726216278,0.0036398655599061414,True,1.144037131356335,1.145094687905191,False,0.002068836356936554,0.0014312740957074244,0.00013975510726216278,False
2025-04-11,1.1407366299991146,1.1422463770101925,1.1387183763856052,1.140205274791044,0.0005313552080705719,0.0035280006245872464,False,1.143322819929072,1.143462575036334,False,0.0015097470110778666,0.001486898405438808,0.0005313552080705719,False
2025-04-14,1.1449875207425906,1.145162203948856,1.1438468811657372,1.1441115135312527,0.0008760072113378481,0.0013153227831188552,False,1.1407366299991146,1.140205274791044,False,0.00017468320626545797,0.00026463236551554914,0.0008760072113378481,False
2025-04-15,1.147062932283755,1.147526359786487,1.146554473843832,1.1467151589214823,0.000347773362272763,0.0009718859426550708,False,1.1449875207425906,1.1441115135312527,False,0.0004634275027319834,0.00016068507765032436,0.000347773362272763,False
2025-04-16,1.1416389586107891,1.1438454006533023,1.1411096218628216,1.14156212819378,7.683041700912163e-05,0.002735778790480703,True,1.147062932283755,1.1467151589214823,False,0.0022064420425131903,0.000452506330958391,7.683041700912163e-05,False
2025-04-17,1.14432738094847,1.1448715401877894,1.1439674231832802,1.1442435618264115,8.381912205845943e-05,0.0009041170045092084,True,1.1416389586107891,1.14156212819378,False,0.0005441592393193861,0.0002761386431313628,8.381912205845943e-05,False
2025-04-18,1.1470411983822857,1.148122459153478,1.1470402345262825,1.1474241634196003,0.00038296503731460874,0.0010822246271955382,False,1.14432738094847,1.1442435618264115,False,0.0006982957338776963,9.638560032332322e-07,0.00038296503731460874,False
2025-04-21,1.1454883641604294,1.1467413077933204,1.1448768923075476,1.1450072145753545,0.000481149585074947,0.0018644154857727635,False,1.1470411983822857,1.1474241634196003,False,0.0012529436328909682,0.0001303222678068483,0.000481149585074947,False
2025-04-22,1.148890538947294,1.1499388862824254,1.1465303784504532,1.1484391260176776,0.0004514129296164793,0.0034085078319721074,False,1.1454883641604294,1.1450072145753545,False,0.001048347335131261,0.001908747567224367,0.0004514129296164793,False
2025-04-23,1.1447013863883615,1.1462516612603817,1.1434347309289965,1.1449703409668373,0.0002689545784757552,0.0028169303313851923,True,1.148890538947294,1.1484391260176776,False,0.0012813202935444412,0.001266655459364996,0.0002689545784757552,False
2025-04-24,1.1431602670188123,1.1452118340211486,1.1422695844616788,1.1439351025709896,0.0007748355521772776,0.002942249559469756,False,1.1447013863883615,1.1449703409668373,False,0.001276731450158941,0.0008906825571335375,0.0007748355521772776,False
2025-04-25,1.143946392195064,1.144591524575667,1.1409447991543284,1.143728765734058,0.00021762646100609295,0.0036467254213385925,True,1.1431602670188123,1.1439351025709896,False,0.0006451323806029308,0.0027839665797295687,0.00021762646100609295,False
2025-04-28,1.1457732394224696,1.146070876510267,1.1437573145250526,1.1451432875776952,0.0006299518447743235,0.002313561985214374,False,1.143946392195064,1.143728765734058,False,0.0002976370877973977,0.0013859730526426528,0.0006299518447743235,False
2025-04-29,1.1461005604294303,1.147080251801152,1.1453547224612997,1.1463245096053938,0.00022394917596346708,0.0017255293398523719,False,1.1457732394224696,1.1451432875776952,False,0.0007557421957582466,0.0007458379681306582,0.00022394917596346708,False
2025-04-30,1.147211339707514,1.1489694614519994,1.1467695777998863,1.1470782363179026,0.0001331033896114775,0.0021998836521130993,True,1.1461005604294303,1.1463245096053938,False,0.0017581217444853081,0.0003086585180163137,0.0001331033896114775,False
2025-05-01,1.145346536296672,1.1456535821772276,1.1442045755111283,1.1451402462159574,0.0002062900807144885,0.0014490066660992618,False,1.147211339707514,1.1470782363179026,False,0.0003070458805556342,0.0009356707048291391,0.0002062900807144885,False
2025-05-02,1.1496896086585748,1.150219535589545,1.1482539774485527,1.1491952222360355,0.0004943864225392947,0.0019655581409923073,False,1.145346536296672,1.1451402462159574,False,0.0005299269309702037,0.0009412447874828089,0.0004943864225392947,False
2025-05-05,1.1513179369028528,1.1522580571739522,1.1510527090622018,1.151061020538335,0.00025691636451785627,0.0012053481117504372,False,1.1496896086585748,1.1491952222360355,False,0.0009401202710994649,8.311476133116003e-06,0.00025691636451785627,False
2025-05-06,1.1494513315587296,1.1506616551933109,1.1485061072400924,1.1499154339745417,0.00046410241581207323,0.002155547953218484,False,1.1513179369028528,1.151061020538335,False,0.0007462212187692163,0.0009452243186371945,0.00046410241581207323,False
2025-05-07,1.1491174325218958,1.1492586987471218,1.148067708089845,1.1486939805728662,0.00042345194902959626,0.0011909906572769025,False,1.1494513315587296,1.1499154339745417,False,0.00014126622522603327,0.0006262724830212729,0.00042345194902959626,False
2025-05-08,1.1522631083206123,1.1524978550003468,1.1509237093856837,1.1524123261927686,0.00014921787215627091,0.0015741456146631805,True,1.1491174325218958,1.1486939805728662,False,8.55288075782834e-05,0.0013393989349286262,0.00014921787215627091,True
2025-05-09,1.1542314107092495,1.1561152194296995,1.1538600905741236,1.154216839971381,1.4570737868480066e-05,0.002255128855575883,True,1.1522631083206123,1.1524123261927686,False,0.0018838087204500198,0.0003567493972573832,1.4570737868480066e-05,False
2025-05-12,1.1525986056589683,1.1539127478333056,1.1514155969048545,1.152154090216855,0.0004445154421133246,0.002497150928451042,False,1.1542314107092495,1.154216839971381,False,0.0013141421743372295,0.0007384933120004877,0.0004445154421133246,False
2025-05-13,1.15045656821722,1.1539774387421406,1.1501637375149796,1.1513761986488904,0.0009196304316703152,0.0038137012271610704,False,1.1525986056589683,1.152154090216855,False,0.0026012400932502455,0.00029283070224050967,0.0009196304316703152,False
2025-05-14,1.154578729351968,1.1551912813136398,1.1538211656384234,1.1541469315509372,0.0004317978010308643,0.0013701156752163879,False,1.15045656821722,1.1513761986488904,False,0.000612551961671759,0.00032576591251376463,0.0004317978010308643,False
2025-05-15,1.148877123539686,1.151130381398219,1.1476162122015274,1.1494154187919137,0.0005382952522277051,0.0035141691966915634,False,1.154578729351968,1.1541469315509372,False,0.0017149626063053258,0.0012609113381585324,0.0005382952522277051,False
2025-05-16,1.14715801471203,1.1487982519959772,1.1457830582513857,1.1474482062036429,0.00029019149161291224,0.003015193744591471,True,1.148877123539686,1.1494154187919137,False,0.0013500457923343312,0.0013749564606442277,0.00029019149161291224,False
2025-05-19,1.1500546888428254,1.1518536787193767,1.1483267130860004,1.1494501752005395,0.0006045136422858643,0.003526965633376289,False,1.14715801471203,1.1474482062036429,False,0.0017989898765513601,0.0011234621145390644,0.0006045136422858643,False
2025-05-20,1.1471933421199372,1.1485061957837752,1.14627918056921,1.146592470105778,0.0006008720141592594,0.0022270152145651423,False,1.1500546888428254,1.1494501752005395,False,0.0013128536638380428,0.0003132895365678401,0.0006008720141592594,False
2025-05-21,1.150399188177006,1.1508430101402898,1.150330659798583,1.150809419758868,0.0004102315818621527,0.0005123503417068243,False,1.1471933421199372,1.146592470105778,False,3.359038142169979e-05,6.852837842297177e-05,0.0004102315818621527,False
2025-05-22,1.1477053562617296,1.1484403527750136,1.147516672812775,1.148220144840211,0.0005147885784813067,0.0009236799622385217,False,1.150399188177006,1.150809419758868,False,0.00022020793480259648,0.00018868344895461853,0.0005147885784813067,False
2025-05-23,1.1441942706795445,1.1452651701616603,1.1428992474722317,1.1449566984479238,0.0007624277683793146,0.00236592268942859,False,1.1477053562617296,1.148220144840211,False,0.0003084717137364912,0.0012950232073127843,0.0007624277683793146,False
2025-05-26,1.141405118350204,1.142674614797504,1.1398684351619357,1.1418325483008618,0.0004274299506576984,0.0028061796355682844,False,1.1441942706795445,1.1449566984479238,False,0.000842066496642202,0.001536683188268384,0.0004274299506576984,False
2025-05-27,1.1429376059265337,1.1437687676831216,1.140241666189431,1.1421361981580709,0.0008014077684628251,0.003527101493690621,False,1.141405118350204,1.1418325483008618,False,0.0008311617565879281,0.0018945319686398676,0.0008014077684628251,False
2025-05-28,1.1414012991437732,1.1418952404587686,1.1391586484678091,1.1413085596500394,9.273949373378443e-05,0.002736591990959436,True,1.1429376059265337,1.1421361981580709,False,0.0004939413149953609,0.0021499111822302908,9.273949373378443e-05,False
2025-05-29,1.1390832289920865,1.1401330324551755,1.1386164692435796,1.1395802381381963,0.0004970091461098392,0.0015165632115958783,False,1.1414012991437732,1.1413085596500394,False,0.0005527943169791882,0.00046675974850685087,0.0004970091461098392,False
2025-05-30,1.13999047859763,1.1402469428139432,1.1395501723020862,1.140056431666022,6.595306839196624e-05,0.0006967705118570144,True,1.1390832289920865,1.1395802381381963,False,0.00019051114792123514,0.00044030629554381306,6.595306839196624e-05,False
2025-06-02,1.1375772570199407,1.138476412052867,1.1369963928358613,1.138244802887256,0.0006675458673153223,0.0014800192170056903,False,1.13999047859763,1.140056431666022,False,0.00023160916561093536,0.0005808641840794326,0.0006675458673153223,False
2025-06-03,1.1390340237701,1.139234084882779,1.1387633106501442,1.1390786729909552,4.464922085523071e-05,0.00047077423263486295,True,1.1375772570199407,1.138244802887256,False,0.0001554118918238867,0.00027071311995574554,4.464922085523071e-05,False
2025-06-04,1.141250825559165,1.1414465282464477,1.1387655071254328,1.1409015423570732,0.00034928320209171027,0.0026810211210148704,False,1.1390340237701,1.1390786729909552,False,0.00019570268728275053,0.0021360352316404096,0.00034928320209171027,False
2025-06-05,1.1412943308304595,1.1426510131334864,1.1394021940729175,1.1419988936705108,0.0007045628400512705,0.0032488190605688416,False,1.141250825559165,1.1409015423570732,False,0.0006521194629756089,0.0018921367575419623,0.0007045628400512705,True
2025-06-06,1.1399331685227352,1.1407908648084506,1.1387998562305768,1.1394977150143328,0.0004354535084023503,0.0019910085778738207,False,1.1412943308304595,1.1419988936705108,False,0.0008576962857154147,0.0006978587837560557,0.0004354535084023503,False
2025-06-09,1.142746615604343,1.1431201107841118,1.1415955582278974,1.141953709407335,0.0007929061970080031,0.0015245525562144202,False,1.1399331685227352,1.1394977150143328,False,0.0003734951797687014,0.0003581511794377157,0.0007929061970080031,False
2025-06-10,1.143022991298254,1.1430389660622404,1.1425372674110743,1.1425581623779362,0.00046482892031773915,0.0005016986511661159,False,1.142746615604343,1.141953709407335,False,1.5974763986514873e-05,2.0894966861861874e-05,0.00046482892031773915,False
2025-06-11,1.1445652976868312,1.1462738662782084,1.1442331595261384,1.144840735688374,0.00027543800154283815,0.0020407067520700206,False,1.143022991298254,1.1425581623779362,False,0.0014331305898342972,0.00033213816069288526,0.00027543800154283815,False
2025-06-12,1.1479510573779037,1.148737043967182,1.1463603862871794,1.1474800348892331,0.0004710224886705916,0.002376657680002614,False,1.1445652976868312,1.144840735688374,False,0.0007859865892783091,0.0011196486020537133,0.0004710224886705916,False
2025-06-13,1.146221763464378,1.1476906075811544,1.1449517140508023,1.1467094381394078,0.0004876746750297478,0.00273889353035206,False,1.1479510573779037,1.1474800348892331,False,0.0009811694417465322,0.00127004941357578,0.0004876746750297478,False
2025-06-16,1.1483403029676469,1.1496846345133476,1.1469665400036615,1.148867728266434,0.0005274252987870209,0.0027180945096860754,False,1.146221763464378,1.1467094381394078,False,0.0008169062469136623,0.001373762963985392,0.0005274252987870209,False
2025-06-17,1.1483780544807438,1.1485003410843213,1.144709083818975,1.1472953439222375,0.0010827105585062835,0.0037912572653462373,False,1.1483403029676469,1.148867728266434,False,0.00012228660357749277,0.002586260103262461,0.0010827105585062835,False
2025-06-18,1.1483288420728357,1.1503892206837711,1.1476666481338187,1.1489624621607473,0.0006336200879115683,0.002722572549952451,False,1.1483780544807438,1.1472953439222375,False,0.0014267585230238744,0.0006621939390170084,0.0006336200879115683,False
2025-06-19,1.1447076710113624,1.146369568038344,1.1443635683533644,1.145109092597111,0.0004014215857486292,0.002005999684979498,False,1.1483288420728357,1.1489624621607473,False,0.0012604754412328667,0.0003441026579980022,0.0004014215857486292,False
2025-06-20,1.1468761906904597,1.1483547374267844,1.1465976158447952,1.14700293038185,0.00012673969139043173,0.0017571215819891517,True,1.1447076710113624,1.145109092597111,False,0.0013518070449343167,0.00027857484566440327,0.00012673969139043173,False
2025-06-23,1.1473135434546404,1.1475707263348425,1.1469094221992988,1.1472681940826568,4.534937198363842e-05,0.0006613041355436611,True,1.1468761906904597,1.14700293038185,False,0.00025718288020204483,0.00035877188335797783,4.534937198363842e-05,False
2025-06-24,1.1439333426109617,1.144059428346786,1.1421381070495338,1.1432724849376654,0.0006608576732962668,0.0019213212972521987,False,1.1473135434546404,1.1472681940826568,False,0.0001260857358242884,0.0011343778881316435,0.0006608576732962668,False
2025-06-25,1.1447044819438528,1.1451705260895249,1.1432817800985808,1.1443074176906187,0.00039706425323404737,0.0018887459909440185,False,1.1439333426109617,1.1432724849376654,False,0.0004660441456720843,0.0010256375920378868,0.00039706425323404737,False
2025-06-26,1.1438560973655858,1.1439919098746676,1.1427338677689822,1.1431762413768125,0.0006798559887732925,0.0012580421056853641,False,1.1447044819438528,1.1443074176906187,False,0.00013581250908178966,0.000442373607830282,0.0006798559887732925,False
2025-06-27,1.149056544851532,1.1497672118517084,1.1472773956793678,1.1486705598318694,0.0003859850196625825,0.0024898161723405643,False,1.1438560973655858,1.1431762413768125,False,0.0007106670001764126,0.0013931641525015692,0.0003859850196625825,False
2025-06-30,1.1495114781095055,1.150375123627643,1.1485963821052108,1.1493643697962392,0.00014710831326625318,0.0017787415224321812,True,1.149056544851532,1.1486705598318694,False,0.0008636455181374458,0.0007679876910284822,0.00014710831326625318,False
