Date,NIFTY,BANKNIFTY,NIFTY_norm,BANKNIFTY_norm
2023-01-02,18197.44921875,43203.1015625,100.0,100.0
2023-01-03,18232.55078125,43425.25,100.19289276248583,100.51419557732129
2023-01-04,18042.94921875,42958.80078125,99.1509799085423,99.43452953048619
2023-01-05,17992.150390625,42608.69921875,98.87182634413692,98.62416742721561
2023-01-06,17859.44921875,42188.80078125,98.1425968225715,97.65225008259499
2023-01-09,18101.19921875,42582.75,99.47107971648671,98.56410410349228
2023-01-10,17914.150390625,42014.75,98.44319484165341,97.24938367959332
2023-01-11,17895.69921875,42232.69921875,98.34180056571287,97.75385954097263
2023-01-12,17858.19921875,42082.25,98.13572772798041,97.405622462363
2023-01-13,17956.599609375,42371.25,98.67646500078243,98.07455591748061
2023-01-16,17894.849609375,42167.55078125,98.33713172798299,97.60306379913045
2023-01-17,18053.30078125,42235.05078125,99.2078645981247,97.75930258190013
2023-01-18,18165.349609375,42458.0,99.82360379749308,98.27535168644756
2023-01-19,18107.849609375,42328.8515625,99.50762544630332,97.9764184320534
2023-01-20,18027.650390625,42506.80078125,99.06690863052364,98.38830834808772
2023-01-23,18118.55078125,42821.25,99.56643133577916,99.11614780261183
2023-01-24,18118.30078125,42733.44921875,99.56505751686095,98.91291984426032
2023-01-25,17891.94921875,41647.6484375,98.32119328193963,96.39967254955111
2023-01-27,17604.349609375,40345.30078125,96.7407541450156,93.38519532650741
2023-01-30,17648.94921875,40387.44921875,96.98584129343334,93.48275414977621
2023-01-31,17662.150390625,40655.05078125,97.05838537209134,94.10215774077272
2023-02-01,17616.30078125,40513.0,96.80642912908253,93.77336009404706
2023-02-02,17610.400390625,40669.30078125,96.77400485602055,94.13514148380189
2023-02-03,17854.05078125,41499.69921875,98.11293092030627,96.05722209252555
2023-02-06,17764.599609375,41374.6484375,97.62137207159228,95.7677734725715
2023-02-07,17721.5,41490.94921875,97.38452783668384,96.03696891698132
2023-02-08,17871.69921875,41537.6484375,98.2099139495641,96.14506119985236
2023-02-09,17893.44921875,41554.30078125,98.32943619544892,96.18360552455995
2023-02-10,17856.5,41559.3984375,98.12639005252068,96.19540480763371
2023-02-13,17770.900390625,41282.19921875,97.65599660151545,95.55378601471213
2023-02-14,17929.849609375,41648.3515625,98.52946637653328,96.40130003687163
2023-02-15,18015.849609375,41731.05078125,99.0020600843997,96.59271967055317
2023-02-16,18035.849609375,41631.3515625,99.11196559785701,96.36195101010001
2023-02-17,17944.19921875,41131.75,98.60832143584685,95.2055489361025
2023-02-20,17844.599609375,40701.69921875,98.0609941254215,94.21013248289285
2023-02-21,17826.69921875,40673.6015625,97.96262654428516,94.14509628124573
2023-02-22,17554.30078125,39995.8984375,96.46572203736487,92.57645166896113
2023-02-23,17511.25,40001.55078125,96.22914612646389,92.58953485869884
2023-02-24,17465.80078125,39909.3984375,95.97939014031628,92.37623456215258
2023-02-27,17392.69921875,40307.1015625,95.57767690226159,93.29677755702218
2023-02-28,17303.94921875,40269.05078125,95.08997118629479,93.20870336819351
2023-03-01,17450.900390625,40698.1484375,95.89750838619852,94.20191367192423
2023-03-02,17321.900390625,40389.80078125,95.18861782439889,93.48819719070372
2023-03-03,17594.349609375,41251.3515625,96.68580138828695,95.48238452932253
2023-03-06,17711.44921875,41350.3984375,97.32929602298742,95.7116432432061
2023-03-08,17754.400390625,41577.1015625,97.56532455291317,96.23638132172584
2023-03-09,17589.599609375,41256.75,96.65969882884083,95.49488001530561
2023-03-10,17412.900390625,40485.44921875,95.68868791062964,93.70958971587146
2023-03-13,17154.30078125,39564.69921875,94.26761176821871,91.5783769864613
2023-03-14,17043.30078125,39411.3984375,93.65763616853066,91.22353954260734
2023-03-15,16972.150390625,39051.5,93.26664515781424,90.39050111600422
2023-03-16,16985.599609375,39132.6015625,93.34055232243014,90.5782227368297
2023-03-17,17100.05078125,39598.1015625,93.96949306296577,91.65569167578211
2023-03-20,16988.400390625,39361.94921875,93.35594338749829,91.10908197599385
2023-03-21,17107.5,39894.69921875,94.0104285735445,92.34221103555753
2023-03-22,17151.900390625,39999.05078125,94.25442096001177,92.58374823711478
2023-03-23,17076.900390625,39616.8984375,93.84227528454687,91.69919983681727
2023-03-24,16945.05078125,39395.3515625,93.11772533367164,91.18639666531465
2023-03-27,16985.69921875,39431.30078125,93.34109970340538,91.26960647537422
2023-03-28,16951.69921875,39567.8984375,93.15426033052795,91.58578205376965
2023-03-29,17080.69921875,39910.1484375,93.86315089232758,92.37797054862779
2023-03-31,17359.75,40608.6484375,95.3966118620248,93.99475261921481
2023-04-03,17398.05078125,40813.05078125,95.60708521347966,94.46787222488547
2023-04-05,17557.05078125,40999.1484375,96.48083404546524,94.89862291064533
2023-04-06,17599.150390625,41041.0,96.71218300470082,94.99549457260103
2023-04-10,17624.05078125,40834.6484375,96.84901751554723,94.51786321041405
2023-04-11,17722.30078125,41366.5,97.38892835040626,95.74891270284596
2023-04-12,17812.400390625,41557.94921875,97.88405054193936,96.1920503754342
2023-04-13,17828.0,42132.55078125,97.96977469584401,97.52205109695358
2023-04-17,17706.849609375,42262.55078125,97.30401990148431,97.82295541932481
2023-04-18,17660.150390625,42265.19921875,97.04739482074561,97.82908562156544
2023-04-19,17618.75,42154.0,96.81988826129692,97.5716985018256
2023-04-20,17624.44921875,42269.5,96.85120703944814,97.83904041900927
2023-04-21,17624.05078125,42118.0,96.84901751554723,97.4883711510151
2023-04-24,17743.400390625,42635.75,97.50487652051166,98.6867804810744
2023-04-25,17769.25,42678.5,97.64692725006316,98.78573171016187
2023-04-26,17813.599609375,42829.8984375,97.89064057956269,99.13616589665419
2023-04-27,17915.05078125,43000.8515625,98.44814273635106,99.53186231384936
2023-04-28,18065.0,43233.8984375,99.2721550303131,100.07128394463867
2023-05-02,18147.650390625,43352.1015625,99.72634171126748,100.3448826464101
2023-05-03,18089.849609375,43312.69921875,99.40871048419174,100.25368006528757
2023-05-04,18255.80078125,43685.44921875,100.32065792187994,101.11646534347125
2023-05-05,18069.0,42661.19921875,99.29413613300456,98.74568648048091
2023-05-08,18264.400390625,43284.0,100.36791514607452,100.18725145782177
2023-05-09,18265.94921875,43198.1484375,100.37642638359128,99.98853525598658
2023-05-10,18315.099609375,43331.05078125,100.64652132950467,100.29615748435306
2023-05-11,18297.0,43475.30078125,100.54705898641787,100.63004554975346
2023-05-12,18314.80078125,43793.55078125,100.64487918657899,101.3666824774046
2023-05-15,18398.849609375,44072.1015625,101.10675066710715,102.01142966262007
2023-05-16,18286.5,43903.69921875,100.48935859185278,101.62163740775989
2023-05-17,18181.75,43698.69921875,99.91372846512013,101.14713443786678
2023-05-18,18129.94921875,43752.30078125,99.62906889208159,101.27120322126757
2023-05-19,18203.400390625,43969.3984375,100.03270333002973,101.77370801466981
2023-05-22,18314.400390625,43885.1015625,100.64267892971779,101.57859036813221
2023-05-23,18348.0,43954.44921875,100.82731804573399,101.73910582591637
2023-05-24,18285.400390625,43677.8515625,100.4833159352047,101.09887943881344
2023-05-25,18321.150390625,43681.3984375,100.67977204050962,101.10708920818583
2023-05-26,18499.349609375,44018.0,101.65902587223013,101.88620355490248
2023-05-29,18598.650390625,44311.8984375,102.20471103972977,102.56647517168635
2023-05-30,18633.849609375,44436.3515625,102.3981404502305,102.85454042741794
2023-05-31,18534.400390625,44128.1484375,101.85163957774816,102.14115848525778
2023-06-01,18487.75,43790.19921875,101.59528282101692,101.35892478784348
2023-06-02,18534.099609375,43937.8515625,101.84998670186218,101.70068808355592
2023-06-05,18593.849609375,44101.6484375,102.1783294233159,102.07982029646672
2023-06-06,18599.0,44164.55078125,102.2066322396232,102.22541712047945
2023-06-07,18726.400390625,44275.30078125,102.90673250693831,102.4817644566534
2023-06-08,18634.55078125,43995.25,102.4019935829777,101.8335452984875
2023-06-09,18563.400390625,43989.0,102.01100257226126,101.81907874452736
2023-06-12,18601.5,43944.19921875,102.22037042880538,101.71538067742169
2023-06-13,18716.150390625,44079.8515625,102.85040593129145,102.02936818953066
2023-06-14,18755.900390625,43988.0,103.06884313928786,101.81676409589373
2023-06-15,18688.099609375,43443.6015625,102.69625915548346,100.5566729963868
2023-06-16,18826.0,43938.1484375,103.45405981736366,101.70137524486901
2023-06-19,18755.44921875,43633.75,103.06636382545888,100.99679981743208
2023-06-20,18816.69921875,43766.5,103.40294946042188,101.3040694235458
2023-06-21,18856.849609375,43859.19921875,103.62358692527948,101.51863554356359
2023-06-22,18771.25,43724.8515625,103.15319347427427,101.2076679245938
2023-06-23,18665.5,43622.8984375,102.57206807186876,100.97168226311877
2023-06-26,18691.19921875,43641.05078125,102.71329236347728,101.0136985607768
2023-06-27,18817.400390625,44121.5,103.40680259316908,102.12576968848266
2023-06-28,18972.099609375,44327.80078125,104.25691744657723,102.60328350991873
2023-06-30,19189.05078125,44747.3515625,105.44912394358154,103.5743961524753
2023-07-03,19322.55078125,45158.1015625,106.18274324590908,104.52513807873676
2023-07-04,19389.0,45301.44921875,106.54790002118686,104.85693753540914
2023-07-05,19398.5,45151.80078125,106.6001051400791,104.51055398402566
2023-07-06,19497.30078125,45339.8984375,107.1430426697423,104.94593396705278
2023-07-07,19331.80078125,44925.0,106.23357454588309,103.98558986560029
2023-07-10,19355.900390625,44860.8515625,106.36600854300708,103.83710877239174
2023-07-11,19439.400390625,44745.05078125,106.82486406169134,103.56907065229872
2023-07-12,19384.30078125,44639.44921875,106.5220765187085,103.32464013994944
2023-07-13,19413.75,44665.05078125,106.68390809409027,103.38389876160873
2023-07-14,19564.5,44819.30078125,107.51232090177474,103.74093331334538
2023-07-17,19711.44921875,45449.75,108.31984736871819,105.20020173609497
2023-07-18,19749.25,45410.8515625,108.52757308233663,105.11016552088546
2023-07-19,19833.150390625,45669.30078125,108.98862885788208,105.70838465192658
2023-07-20,19979.150390625,46186.8984375,109.79093910612043,106.90644135973311
2023-07-21,19745.0,46075.19921875,108.50421816072694,106.64789691567644
2023-07-24,19672.349609375,45923.05078125,108.10498423650121,106.29572674270891
2023-07-25,19680.599609375,45845.0,108.15032026080236,106.11506660853523
2023-07-26,19778.30078125,46062.3515625,108.68721513381747,106.6181591056921
2023-07-27,19659.900390625,45679.30078125,108.03657234755815,105.73153113826281
2023-07-28,19646.05078125,45468.1015625,107.96046492608102,105.24267915516047
2023-07-31,19753.80078125,45651.1015625,108.55258087983228,105.66625985511384
2023-08-01,19733.55078125,45592.5,108.44130154745675,105.53061782854493
2023-08-02,19526.55078125,44995.69921875,107.30377948317363,104.14923371567832
2023-08-03,19381.650390625,44513.44921875,106.50751189158336,103.03299441211271
2023-08-04,19517.0,44879.5,107.25129530731363,103.88027335277035
2023-08-07,19597.30078125,44837.5,107.69257023702885,103.78305811015811
2023-08-08,19570.849609375,44964.44921875,107.54721375570537,104.07690094587754
2023-08-09,19632.55078125,44880.69921875,107.88627870449734,103.88304912281146
2023-08-10,19543.099609375,44541.80078125,107.39471985578335,103.09861831751445
2023-08-11,19428.30078125,44199.1015625,106.7638686483146,102.30539003909043
2023-08-14,19434.55078125,44090.94921875,106.79821412127,102.05505536440616
2023-08-16,19465.0,43946.3984375,106.96554097232462,101.72047109609643
2023-08-17,19365.25,43891.3515625,106.41738722395631,101.59305692209237
2023-08-18,19310.150390625,43851.05078125,106.1145996809735,101.49977477383803
2023-08-21,19393.599609375,44002.0,106.57317614268997,101.84916917676448
2023-08-22,19396.44921875,43993.25,106.5888355317656,101.82891600122026
2023-08-23,19444.0,44479.05078125,106.85014018319445,102.95337411575449
2023-08-24,19386.69921875,44496.19921875,106.53525659395515,102.99306672318266
2023-08-25,19265.80078125,44231.44921875,105.87088635147397,102.38026349743048
2023-08-28,19306.05078125,44494.6484375,106.0920711973068,102.98947720948131
2023-08-29,19342.650390625,44495.25,106.2931961403416,102.99086961529997
2023-08-30,19347.44921875,44232.6015625,106.31956702379519,102.38293076831688
2023-08-31,19253.80078125,43989.1484375,105.80494304339958,101.81942232518391
2023-09-01,19435.30078125,44436.1015625,106.80233557802465,102.85396176525954
2023-09-04,19528.80078125,44578.30078125,107.31614385343758,103.18310299264178
2023-09-05,19574.900390625,44532.1484375,107.5694739153646,103.07627653324225
2023-09-06,19611.05078125,44409.1015625,107.76813027753074,102.79146625215168
2023-09-07,19727.05078125,44878.3515625,108.40558225558313,103.87761512348017
2023-09-08,19819.94921875,45156.3984375,108.91608477922408,104.52119594278261
2023-09-11,19996.349609375,45570.69921875,109.88545355450958,105.48015668001267
2023-09-12,19993.19921875,45511.3515625,109.868141289548,105.34278770856476
2023-09-13,20070.0,45909.44921875,110.29018275440818,106.26424390465313
2023-09-14,20103.099609375,46000.8515625,110.47207423258799,106.47580821472418
2023-09-15,20192.349609375,46231.5,110.9625275863912,107.00967830543127
2023-09-18,20133.30078125,45979.8515625,110.63803799768468,106.42720059341804
2023-09-20,19901.400390625,45384.6015625,109.36368142255515,105.04940599425281
2023-09-21,19742.349609375,44623.8515625,108.48965353360178,103.28853704622263
2023-09-22,19674.25,44612.05078125,108.11542740687172,103.26122238402662
2023-09-25,19674.55078125,44766.1015625,108.11708028275768,103.61779581435577
2023-09-26,19664.69921875,44624.19921875,108.06294323101173,103.28934174828666
2023-09-27,19716.44921875,44588.30078125,108.34732374708251,103.20624947897801
2023-09-28,19523.55078125,44300.94921875,107.28729365615501,102.54113157746741
2023-09-29,19638.30078125,44584.55078125,107.91787653961633,103.19756954660193
2023-10-03,19528.75,44399.05078125,107.3158647964698,102.76820222506451
2023-10-04,19436.099609375,43964.05078125,106.80672535878676,101.76133006943766
2023-10-05,19545.75,44213.3515625,107.40928448290852,102.33837378211959
2023-10-06,19653.5,44360.6015625,108.00140043665975,102.67920579342086
2023-10-09,19512.349609375,43886.5,107.22574012884274,101.58182725958078
2023-10-10,19689.849609375,44360.1484375,108.20115156077634,102.67815696825875
2023-10-11,19811.349609375,44516.8984375,108.8688275550295,103.04097814157946
2023-10-12,19794.0,44599.19921875,108.77348666869734,103.23147553244605
2023-10-13,19751.05078125,44287.94921875,108.5374688717319,102.51104114523028
2023-10-16,19731.75,44225.8984375,108.43140575806147,102.3674153891946
2023-10-17,19811.5,44409.5,108.86965399297249,102.79238849496663
2023-10-18,19671.099609375,43888.69921875,108.09811514191013,101.58691767825552
2023-10-19,19624.69921875,43754.5,107.84313220409712,101.27629363994231
2023-10-20,19542.650390625,43723.05078125,107.3922512749147,101.20349974873403
2023-10-23,19281.75,43151.19921875,105.95853170527205,99.87986431095713
2023-10-25,19122.150390625,42832.0,105.0814878544748,99.14103027542329
2023-10-26,18857.25,42280.1484375,103.6257871821407,97.8636878103189
2023-10-27,19047.25,42782.0,104.66988955998514,99.02529784374204
2023-10-30,19140.900390625,43039.1484375,105.18452427334101,99.62050612324022
2023-10-31,19079.599609375,42845.94921875,104.84765958141024,99.17331781554311
2023-11-01,18989.150390625,42700.94921875,104.3506161899837,98.8376937636675
2023-11-02,19133.25,43017.19921875,105.14248326785153,99.56970139405139
2023-11-03,19230.599609375,43318.25,105.67744620801294,100.26652817352341
2023-11-06,19411.75,43619.3984375,106.67291754274456,100.96358099290109
2023-11-07,19406.69921875,43737.8984375,106.64516210741246,101.23786685598563
2023-11-08,19443.5,43658.6484375,106.84739254535802,101.05443095177087
2023-11-09,19395.30078125,43683.6015625,106.58252455111004,101.1121886684568
2023-11-10,19425.349609375,43820.1015625,106.74765114530346,101.42813820694658
2023-11-13,19443.55078125,43891.25,106.8476716023258,101.5928218405905
2023-11-15,19675.44921875,44201.69921875,108.12201744449503,102.31140270058012
2023-11-16,19765.19921875,44161.55078125,108.61521843613471,102.21847317457858
2023-11-17,19731.80078125,43583.94921875,108.43168481502923,100.88152850715832
2023-11-20,19694.0,43584.94921875,108.2239591014108,100.88384315579195
2023-11-21,19783.400390625,43689.1484375,108.71523889315704,101.12502773509642
2023-11-22,19811.849609375,43449.6015625,108.87157519286592,100.57056088818854
2023-11-23,19802.0,43577.5,108.81744887408027,100.86660083179069
2023-11-24,19794.69921875,43769.1015625,108.77732906848424,101.31009112663172
2023-11-28,19889.69921875,43880.94921875,109.29938025740644,101.56897915134493
2023-11-29,20096.599609375,44566.44921875,110.43635494071435,103.15567078969482
2023-11-30,20133.150390625,44481.75,110.63721155974169,102.95962185874603
2023-12-01,20267.900390625,44814.19921875,111.37769995666031,103.7291249886754
2023-12-04,20686.80078125,46431.3984375,113.67967308261568,107.47237295065439
2023-12-05,20855.099609375,47012.25,114.60452153858273,108.81684022613393
2023-12-06,20937.69921875,46834.55078125,115.05842916256937,108.40552897225804
2023-12-07,20901.150390625,46841.3984375,114.85758327650231,108.42137889044064
2023-12-08,20969.400390625,47262.0,115.23263584117538,109.39492372238178
2023-12-11,20997.099609375,47314.25,115.38485068412963,109.51586411348866
2023-12-12,20906.400390625,47097.55078125,114.88643347378485,109.01428156290139
2023-12-13,20926.349609375,47092.25,114.9960599302744,109.00201211682395
2023-12-14,21182.69921875,47732.30078125,116.40477170242139,110.48350478309482
2023-12-15,21456.650390625,48143.55078125,117.91020891277904,111.43540403367307
2023-12-18,21418.650390625,47867.69921875,117.70138843721014,110.79690459144915
2023-12-19,21453.099609375,47870.8984375,117.89069639095624,110.80430965875749
2023-12-20,21150.150390625,47445.30078125,116.2259069190458,109.81920062524446
2023-12-21,21255.05078125,47840.1484375,116.80236348372142,110.73313421327353
2023-12-22,21349.400390625,47491.8515625,117.3208405968642,109.92694932745894
2023-12-26,21441.349609375,47724.8515625,117.82612690180008,110.46626245909357
2023-12-27,21654.75,48282.19921875,118.9988208769816,111.75632645008669
2023-12-28,21778.69921875,48508.55078125,119.67995600344913,112.28025078494616
2023-12-29,21731.400390625,48292.25,119.42003590389878,111.77959047717385
2024-01-02,21665.80078125,47761.6484375,119.05954796635088,110.55143429553398
2024-01-03,21517.349609375,47704.94921875,118.24376785293784,110.4201955263267
2024-01-04,21658.599609375,48195.8515625,119.01997554173008,111.5564619655309
2024-01-05,21710.80078125,48159.0,119.30683537162983,111.47116354674334
2024-01-08,21513.0,47450.25,118.21986555035294,109.83065632766167
2024-01-09,21544.849609375,47242.6484375,118.39488793394165,109.35013165468264
2024-01-10,21618.69921875,47360.8515625,118.80071189579068,109.62373035645408
2024-01-11,21647.19921875,47438.3515625,118.95732725246735,109.80311562556003
2024-01-12,21894.55078125,47709.80078125,120.31659227651883,110.43142518883826
2024-01-15,22097.44921875,48158.30078125,121.431575124175,111.46954510101905
2024-01-16,22032.30078125,48125.1015625,121.07356650045604,111.39270057470195
2024-01-17,21571.94921875,46064.44921875,118.54380775808421,106.62301444286497
2024-01-18,21462.25,45713.55078125,117.94098030995501,105.81080785396449
2024-01-19,21622.400390625,45701.1484375,118.82105085555645,105.78210078594978
2024-01-23,21238.80078125,45015.05078125,116.71306525403737,104.19402578337747
2024-01-24,21453.94921875,45082.3984375,117.89536522868612,104.34991194389436
2024-01-25,21352.599609375,44866.1484375,117.33842118583327,103.84936917687297
2024-01-29,21737.599609375,45442.3515625,119.45410231988645,105.18307695284463
2024-01-30,21522.099609375,45367.75,118.26987041238395,105.01040054813772
2024-01-31,21725.69921875,45996.80078125,119.38870639278727,106.46643207943873
2024-02-01,21697.44921875,46188.6484375,119.23346485502884,106.91049199484195
2024-02-02,21853.80078125,45970.94921875,120.09265979284957,106.40659479562105
2024-02-05,21771.69921875,45825.55078125,119.64148907373908,106.07004850093047
2024-02-06,21929.400390625,45690.80078125,120.50810048712614,105.7581495975495
2024-02-07,21930.5,45818.5,120.51414314377422,106.05372841974416
2024-02-08,21717.94921875,45012.0,119.34611800632257,104.18696429672565
2024-02-09,21782.5,45634.55078125,119.70084234419016,105.6279506119081
2024-02-12,21616.05078125,44882.25,118.78615800162582,103.88663863651281
2024-02-13,21743.25,45502.3984375,119.48515277403018,105.32206437001683
2024-02-14,21840.05078125,45908.30078125,120.01709975234766,106.26158567536292
2024-02-15,21910.75,46218.8984375,120.40561144923514,106.98051011600911
2024-02-16,22040.69921875,46384.8515625,121.11971822973987,107.36463329003614
2024-02-20,22196.94921875,47094.19921875,121.97835505362508,109.00652387334027
2024-02-21,22055.05078125,47019.69921875,121.19858402201373,108.83408255013521
2024-02-22,22217.44921875,46919.80078125,122.09100820491882,108.60285276827454
2024-02-23,22212.69921875,46811.75,122.06490564547272,108.35275317509215
2024-02-26,22122.05078125,46576.5,121.56676749209572,107.80823208403187
2024-02-27,22198.349609375,46588.05078125,121.98605058615917,107.83496808406949
2024-02-28,21951.150390625,45963.1484375,120.62762273301095,106.38853872795953
2024-02-29,21982.80078125,46120.8984375,120.80155035464921,106.75367454991387
2024-03-01,22338.75,47286.8984375,122.75758943722153,109.45255485672054
2024-03-04,22405.599609375,47456.1015625,123.12494646936052,109.84420063880687
2024-03-05,22356.30078125,47581.0,122.85403581846444,110.13329663650812
2024-03-06,22474.05078125,47965.3984375,123.50110452894431,111.02304395463504
2024-03-07,22493.55078125,47835.80078125,123.6082624045652,110.723070916675
2024-03-11,22332.650390625,47327.8515625,122.7240704022091,109.54734695154447
2024-03-12,22335.69921875,47282.3984375,122.74082455323516,109.44213893786923
2024-03-13,21997.69921875,46981.30078125,120.88342137580665,108.74520365924249
2024-03-14,22146.650390625,46789.94921875,121.70194912705614,108.30229202655988
2024-03-15,22023.349609375,46594.1015625,121.02437734340772,107.84897351662217
2024-03-18,22055.69921875,46575.8984375,121.20214736483285,107.80683967821321
2024-03-19,21817.44921875,46384.80078125,119.89289793577267,107.36451574928523
2024-03-20,21839.099609375,46310.8984375,120.01187280068226,107.1934577903026
2024-03-21,22011.94921875,46684.8984375,120.961729054145,108.05913637927833
2024-03-22,22096.75,46863.75,121.4277327243881,108.47311490404064
2024-03-26,22004.69921875,46600.19921875,120.92188830551672,107.86308744832954
2024-03-27,22123.650390625,46785.94921875,121.57555778658025,108.29303343202537
2024-03-28,22326.900390625,47124.6015625,122.69247256709012,109.0768946167602
2024-04-01,22462.0,47578.25,123.43488216390217,110.12693135276565
2024-04-02,22453.30078125,47545.44921875,123.38707755873237,110.0510090692635
2024-04-03,22434.650390625,47624.25,123.28458852084137,110.2334051899124
2024-04-04,22514.650390625,48060.80078125,123.72421057467061,111.24386685924061
2024-04-05,22513.69921875,48493.05078125,123.7189836230052,112.244373731125
2024-04-08,22666.30078125,48581.69921875,124.55757127705269,112.44956371585735
2024-04-09,22642.75,48730.55078125,124.42815324177259,112.7941027816109
2024-04-10,22753.80078125,48986.6015625,125.03840789842842,113.38677037256981
2024-04-12,22519.400390625,48564.55078125,123.75031313411671,112.40987110842917
2024-04-15,22272.5,47773.25,122.3935274238942,110.5782878363225
2024-04-16,22147.900390625,47484.80078125,121.70881822164723,109.91062924627263
2024-04-18,21995.849609375,47069.44921875,120.87325726240392,108.94923631965806
2024-04-19,22147.0,47574.1484375,121.70387032694958,110.1174376767293
2024-04-22,22336.400390625,47924.8984375,122.74467768598234,110.92930068497324
2024-04-23,22368.0,47970.44921875,122.91832625065284,111.03473473855409
2024-04-24,22402.400390625,48189.0,123.10736588039146,111.54060300575208
2024-04-25,22570.349609375,48494.94921875,124.03029313646508,112.24876794689038
2024-04-26,22419.94921875,48201.05078125,123.20380152867408,111.5684963301065
2024-04-29,22643.400390625,49424.05078125,124.431727317552,114.39931160902981
2024-04-30,22604.849609375,49396.75,124.21988014717893,114.3361198930126
2024-05-02,22648.19921875,49231.05078125,124.4580982010056,113.95258442274019
2024-05-03,22475.849609375,48923.55078125,123.51098958537929,113.24082996790052
2024-05-06,22442.69921875,48895.30078125,123.32881905023176,113.17544114400062
2024-05-07,22302.5,48285.3515625,122.55838569408016,111.76362301824034
2024-05-08,22302.5,48021.1015625,122.55838569408016,111.15197711680496
2024-05-09,21957.5,47487.8984375,120.6625155869416,109.91779923207913
2024-05-10,22055.19921875,47421.1015625,121.19939972699643,109.76318793662998
2024-05-13,22104.05078125,47754.1015625,121.46785252998413,110.5339659316271
2024-05-14,22217.849609375,47859.44921875,122.09320846178005,110.77780874022174
2024-05-15,22200.55078125,47687.44921875,121.99814663241564,110.37968917523825
2024-05-16,22403.849609375,47977.05078125,123.115329736933,111.05001503617453
2024-05-17,22466.099609375,48115.6484375,123.45741064756888,111.37081991183719
2024-05-21,22529.05078125,48048.19921875,123.80334469095192,111.21469866981846
2024-05-22,22597.80078125,47781.94921875,124.18114489346141,110.59842347111581
2024-05-23,22967.650390625,48768.6015625,126.21357045447861,112.88217697043959
2024-05-24,22957.099609375,48971.6484375,126.15559100294578,113.35215914222015
2024-05-27,22932.44921875,49281.80078125,126.02013031101758,114.07005284089666
2024-05-28,22888.150390625,49142.1484375,125.77669603848582,113.7468067342532
2024-05-29,22704.69921875,48501.3515625,124.76858127652248,112.26358712310332
2024-05-30,22488.650390625,48682.3515625,123.5813334071761,112.68253852578944
2024-05-31,22530.69921875,48983.94921875,123.81240330944392,113.38063112873297
2024-06-03,23263.900390625,50979.94921875,127.84154587256498,118.00066980144837
2024-06-04,21884.5,46928.6015625,120.26136046282244,108.62322348456969
2024-06-05,22620.349609375,49054.6015625,124.30505692010836,113.54416647965633
2024-06-06,22821.400390625,49291.8984375,125.40988638732205,114.09342536713854
2024-06-07,23290.150390625,49803.19921875,127.98579685897771,115.27690702183023
2024-06-10,23259.19921875,49780.8984375,127.81571163712636,115.22528854898113
2024-06-11,23264.849609375,49705.75,127.84676209127008,115.05134632080272
2024-06-12,23322.94921875,49895.1015625,128.1660354612715,115.48962865621807
2024-06-13,23398.900390625,49846.69921875,128.5834080884018,115.37759423739288
2024-06-14,23465.599609375,50002.0,128.9499386825978,115.73706097851408
2024-06-18,23557.900390625,50440.8984375,129.4571569203874,116.75295664717358
2024-06-19,23516.0,51398.05078125,129.22690272310228,118.96842801180543
2024-06-20,23567.0,51783.25,129.50716178241842,119.86002885715851
2024-06-21,23501.099609375,51661.44921875,129.1450209689845,119.57810284526376
2024-06-24,23537.849609375,51703.94921875,129.34697234996233,119.67647541219281
2024-06-25,23721.30078125,52606.0,130.35508711192568,121.76440602047343
2024-06-26,23868.80078125,52870.5,131.16564027367332,122.37663058406723
2024-06-27,24044.5,52811.30078125,132.13115591621164,122.23960519327588
2024-06-28,24010.599609375,52342.25,131.94486392430943,121.15391744335484
2024-07-01,24141.94921875,52574.75,132.66666623734827,121.69207325067264
2024-07-02,24123.849609375,52168.1015625,132.56720389426144,120.75082500044756
2024-07-03,24286.5,53089.25,133.46101262904506,122.8829599726727
2024-07-04,24302.150390625,53103.69921875,133.54701583991746,122.91640483710931
2024-07-05,24323.849609375,52660.3515625,133.66625902883453,121.89021079034943
2024-07-08,24320.55078125,52425.80078125,133.64813105889024,121.34730814501347
2024-07-09,24433.19921875,52568.80078125,134.2671652770703,121.67830289962183
2024-07-10,24324.44921875,52189.30078125,133.6695540476462,120.79989374316116
2024-07-11,24315.94921875,52270.6484375,133.62284420442683,120.98818498454882
2024-07-12,24502.150390625,52278.8984375,134.64607097449056,121.00728083577623
2024-07-15,24586.69921875,52455.8984375,135.11069009285512,121.41697364392783
2024-07-16,24613.0,52396.80078125,135.2552201362356,121.28018333463835
2024-07-18,24800.849609375,52620.69921875,136.28750552479133,121.79842954706848
2024-07-19,24530.900390625,52265.6015625,134.8040601500854,120.976503242226
2024-07-22,24509.25,52280.3984375,134.68508528517583,121.01075280872666
2024-07-23,24479.05078125,51778.30078125,134.51913225303943,119.84857315474132
2024-07-24,24413.5,51317.0,134.15891263949896,118.78082393173088
2024-07-25,24406.099609375,50888.75,134.1182454529277,117.789575654381
2024-07-26,24834.849609375,51295.94921875,136.47434489766874,118.73209876967383
2024-07-29,24836.099609375,51406.25,136.4812139922598,118.98740632228191
2024-07-30,24857.30078125,51499.30078125,136.59772027630075,119.20278618595997
2024-07-31,24951.150390625,51553.3984375,137.1134497516071,119.32800325208133
2024-08-01,25010.900390625,51564.0,137.44179247306081,119.35254214423625
2024-08-02,24717.69921875,51350.1484375,135.8305712060005,118.85755091729706
2024-08-05,24055.599609375,50092.1015625,132.1921513295884,115.9456144370422
2024-08-06,23992.55078125,49748.30078125,131.8456806381904,115.14983642848269
2024-08-07,24297.5,50119.0,133.52146066144658,116.0078748686482
2024-08-08,24117.0,50156.69921875,132.52956340249438,116.09513531381663
2024-08-09,24367.5,50484.5,133.90612995854715,116.85387894423813
2024-08-12,24347.0,50577.94921875,133.79347680725343,117.07018105073112
2024-08-13,24139.0,49831.8515625,132.65045946729742,115.34322713014129
2024-08-14,24143.75,49727.30078125,132.67656202674354,115.10122880717657
2024-08-16,24541.150390625,50516.8984375,134.8603867257323,116.92886994332908
2024-08-19,24572.650390625,50368.3515625,135.03348790942755,116.58503612208109
2024-08-20,24698.849609375,50803.1484375,135.72698740615905,117.59143811470423
2024-08-21,24770.19921875,50685.55078125,136.11907317882591,117.31924086034766
2024-08-22,24811.5,50985.69921875,136.34603235729938,118.0139790310917
2024-08-23,24823.150390625,50933.44921875,136.41005446548033,117.8930386399848
2024-08-26,25010.599609375,51148.1015625,137.44013959717483,118.38988339415013
2024-08-27,25017.75,51278.75,137.47943296482788,118.69228862149473
2024-08-28,25052.349609375,51143.8515625,137.66956735651695,118.38004613745721
2024-08-29,25151.94921875,51152.75,138.2168946669423,118.40064289365799
2024-08-30,25235.900390625,51351.0,138.6782294994555,118.85952198527414
2024-09-02,25278.69921875,51439.55078125,138.91342085847796,119.06448593010086
2024-09-03,25279.849609375,51689.1015625,138.91974257209384,119.64210830494122
2024-09-04,25198.69921875,51400.25,138.47379880464874,118.97351843048017
2024-09-05,25145.099609375,51473.05078125,138.17925417517523,119.1420266593273
2024-09-06,24852.150390625,50576.8515625,136.56941745999342,117.06764036219188
2024-09-09,24936.400390625,51117.80078125,137.03239443543234,118.31974773223205
2024-09-10,25041.099609375,51272.30078125,137.60774550519724,118.67736094612708
2024-09-11,24918.44921875,51010.0,136.93374779732824,118.07022680120802
2024-09-12,25388.900390625,51772.3984375,139.51900667740392,119.83491130284519
2024-09-13,25356.5,51938.05078125,139.340957599011,120.21833827396289
2024-09-16,25383.75,52153.1484375,139.49070386109662,120.7162137700979
2024-09-17,25418.55078125,52188.6484375,139.68194374769644,120.79838379659158
2024-09-18,25377.55078125,52750.3984375,139.45663744510895,122.09863766653038
2024-09-19,25415.80078125,53037.6015625,139.66683173959606,122.76341198738446
2024-09-20,25790.94921875,53793.19921875,141.72837582190328,124.51235506999372
2024-09-23,25939.05078125,54105.80078125,142.54223473542288,125.23591784950337
2024-09-24,25940.400390625,53968.6015625,142.54965121098917,124.91834986528927
2024-09-25,26004.150390625,54101.6484375,142.89997503513433,125.22630663271607
2024-09-26,26216.05078125,54375.3515625,144.06442609680659,125.85983319701619
2024-09-27,26178.94921875,53834.30078125,143.86054278297505,124.6074907454742
2024-09-30,25810.849609375,52978.1015625,141.83773395438536,122.62569039368375
2024-10-01,25796.900390625,52922.6015625,141.761079151933,122.49722739451758
2024-10-03,25250.099609375,51845.19921875,138.7562581208261,120.00341953169233
2024-10-04,25014.599609375,51462.05078125,137.4621206998663,119.11656552435743
2024-10-07,24795.75,50478.8984375,136.25948176545174,116.84091329525133
2024-10-08,25013.150390625,51021.0,137.45415684332477,118.09568793617791
2024-10-09,24981.94921875,51007.0,137.28269780255516,118.06328285530716
2024-10-10,24998.44921875,51530.8984375,137.37336985115743,119.27592365782478
2024-10-11,24964.25,51172.30078125,137.18543571632958,118.44589608276462
2024-10-14,25127.94921875,51816.8984375,138.0850080507935,119.9379131670415
2024-10-15,25057.349609375,51906.0,137.69704373488128,120.14415197693597
2024-10-16,24971.30078125,51801.05078125,137.2241817030074,119.90123141115627
2024-10-17,24749.849609375,51288.80078125,136.00724646547516,118.7155526485819
2024-10-18,24854.05078125,52094.19921875,136.57986063036392,120.57976704146493
2024-10-21,24781.099609375,51962.69921875,136.1789738302522,120.27539074614326
2024-10-22,24472.099609375,51257.1484375,134.48093364733683,118.64228859436994
2024-10-23,24435.5,51239.0,134.279808704302,118.60028133830814
2024-10-24,24399.400390625,51531.1484375,134.08143139910362,119.27650231998317
2024-10-25,24180.80078125,50787.44921875,132.8801662836073,117.55509993947555
2024-10-28,24339.150390625,51259.30078125,133.7503410398135,118.64727051388996
2024-10-29,24466.849609375,52320.69921875,134.4520834500543,121.10403495698098
2024-10-30,24340.849609375,51807.5,133.75967871527322,119.9161590865239
2024-10-31,24205.349609375,51475.3515625,133.01506886159999,119.1473521595039
2024-11-01,24304.349609375,51673.8984375,133.55910115321365,119.60691841243315
2024-11-04,23995.349609375,51215.25,131.86106097029827,118.54530843325955
2024-11-05,24213.30078125,52207.25,133.05876274297543,120.84143987781547
2024-11-06,24484.05078125,52317.3984375,134.54660863140373,121.09639480817079
2024-11-07,24199.349609375,51916.5,132.9820972075628,120.16845578758904
2024-11-08,24148.19921875,51561.19921875,132.70101171030367,119.34605931974285
2024-11-11,24141.30078125,51876.75,132.66310289452915,120.07644850440245
2024-11-12,23883.44921875,51157.80078125,131.24613747591255,118.41233367757704
2024-11-13,23559.05078125,50088.3515625,129.46347863400328,115.93693450466608
2024-11-14,23532.69921875,50179.55078125,129.31866953365503,116.14802865173344
2024-11-18,23453.80078125,50363.80078125,128.88510086943418,116.57450266247884
2024-11-19,23518.5,50626.5,129.24064091228445,117.18255905021286
2024-11-21,23349.900390625,50372.8984375,128.3141395804314,116.59556054008708
2024-11-22,23907.25,51135.3984375,131.37692933011087,118.36048012322611
2024-11-25,24221.900390625,52207.5,133.10601996717003,120.84201853997389
2024-11-26,24194.5,52191.5,132.95544726714147,120.80498416183589
2024-11-27,24274.900390625,52301.80078125,133.39726957783188,121.06029171444396
2024-11-28,23914.150390625,51906.8515625,131.4148488788457,120.14612304491304
2024-11-29,24131.099609375,52055.6015625,132.60704464288972,120.49042702916475
2024-12-02,24276.05078125,52109.0,133.40359129144775,120.61402564956182
2024-12-03,24457.150390625,52695.75,134.3987835692116,121.97214573534127
2024-12-04,24467.44921875,53266.8984375,134.45537846886592,123.29415368579765
2024-12-05,24708.400390625,53603.55078125,135.77947158201903,124.07338557326524
2024-12-06,24677.80078125,53509.5,135.6113182930214,123.85569106095356
2024-12-09,24619.0,53407.75,135.2881917902728,123.62017556248222
2024-12-10,24610.05078125,53577.69921875,135.2390133661848,124.01354828944753
2024-12-11,24641.80078125,53391.3515625,135.41348836879826,123.58221894152925
2024-12-12,24548.69921875,53216.44921875,134.90186961728625,123.17738147055053
2024-12-13,24768.30078125,53583.80078125,136.10864074141574,124.02767126275114
2024-12-16,24668.25,53581.3515625,135.55883411716144,124.02200218191801
2024-12-17,24336.0,52834.80078125,133.7330287748519,122.29399943616606
2024-12-18,24198.849609375,52139.55078125,132.97934956972634,120.68473997363833
2024-12-19,23951.69921875,51575.69921875,131.62119004058562,119.37962172493042
2024-12-20,23587.5,50759.19921875,129.61981493371218,117.48971111557564
2024-12-23,23753.44921875,51317.6015625,130.53175163844006,118.78221633754956
2024-12-24,23727.650390625,51233.0,130.3899799658563,118.58639344650639
2024-12-26,23750.19921875,51170.69921875,130.51389199250326,118.44218902831231
2024-12-27,23813.400390625,51311.30078125,130.8611998548045,118.76763224283846
2024-12-30,23644.900390625,50952.75,129.9352459039267,117.937713166933
2024-12-31,23644.80078125,50860.19921875,129.93469852295146,117.72349062757176
2025-01-02,24188.650390625,51605.55078125,132.92330205104724,119.44871760328259
2025-01-03,24004.75,50988.80078125,131.91271870821524,118.02115805849442
2025-01-06,23616.05078125,49922.0,129.7767093473566,115.5518890878241
2025-01-07,23707.900390625,50202.1484375,130.28144827131723,116.20033428589562
2025-01-08,23688.94921875,49835.05078125,130.17730635754023,115.35063219744966
2025-01-09,23526.5,49503.5,129.2846031176674,114.58320863465205
2025-01-10,23431.5,48734.1484375,128.76255192874518,112.80243009173422
2025-01-13,23085.94921875,48041.25,126.86365512680243,111.198613670134
2025-01-14,23176.05078125,48729.1484375,127.35878805129582,112.79085684856611
2025-01-15,23213.19921875,48751.69921875,127.56292895617453,112.8430539835736
2025-01-16,23311.80078125,49278.69921875,128.1047717238873,114.06287381349394
2025-01-17,23203.19921875,48540.6015625,127.50797619944588,112.3544370819731
2025-01-20,23344.75,49350.80078125,128.28583676412407,114.22976359661678
2025-01-21,23024.650390625,48570.8984375,126.52680116783195,112.42456370229496
2025-01-22,23155.349609375,48724.3984375,127.24502940509133,112.77986226755638
2025-01-23,23205.349609375,48589.0,127.51979318873461,112.46646245920206
2025-01-24,23092.19921875,48367.80078125,126.89800059975782,111.95446398976347
2025-01-27,22829.150390625,48064.6484375,125.45247477378676,111.25277283152232
2025-01-28,22957.25,48866.8515625,126.15641744088877,113.10959119869324
2025-01-29,23163.099609375,49165.94921875,127.28761779155604,113.80189718005272
2025-01-30,23249.5,49311.94921875,127.76241175628367,114.13983588056196
2025-01-31,23508.400390625,49587.19921875,129.18514077458056,114.77694291696723
2025-02-03,23361.05078125,49210.55078125,128.37541405077593,113.90513412575088
2025-02-04,23739.25,50157.94921875,130.45372301706948,116.09802862460865
2025-02-05,23696.30078125,50343.05078125,130.21770522010402,116.5264737033311
2025-02-06,23603.349609375,50382.1015625,129.70691290653502,116.61686254079342
2025-02-07,23559.94921875,50158.8515625,129.4684157957406,116.10011723333666
2025-02-10,23381.599609375,49981.0,128.48833552607712,115.68845335720796
2025-02-11,23071.80078125,49403.3984375,126.78590556239962,114.35150868978772
2025-02-12,23045.25,49479.44921875,126.6400017001009,114.52753952669414
2025-02-13,23031.400390625,49359.8515625,126.56389427862378,114.25071297507033
2025-02-14,22929.25,49099.44921875,126.00254972204851,113.64797304591664
2025-02-17,22959.5,49258.8984375,126.1687818111527,114.0170419622289
2025-02-18,22945.30078125,49087.30078125,126.09075318978213,113.61985368165661
2025-02-19,22932.900390625,49570.1015625,126.02260962484655,114.73736785028998
2025-02-20,22913.150390625,49334.55078125,125.91407793030744,114.19215055632037
2025-02-21,22795.900390625,48981.19921875,125.26975685766399,113.3742658449905
2025-02-24,22553.349609375,48651.94921875,123.93687345002637,112.61216778236951
2025-02-25,22547.55078125,48608.3515625,123.90500729089993,112.51125452690118
2025-02-27,22545.05078125,48743.80078125,123.89126910171777,112.82477187600644
2025-02-28,22124.69921875,48344.69921875,121.58132138626057,111.90099198968824
2025-03-03,22119.30078125,48114.30078125,121.55165548399533,111.36770056113954
2025-03-04,22082.650390625,48245.19921875,121.35025148399276,111.67068445064257
2025-03-05,22337.30078125,48489.94921875,122.74962558067999,112.23719470372227
2025-03-06,22544.69921875,48627.69921875,123.88933716886403,112.5560375530041
2025-03-07,22552.5,48497.5,123.9322046122965,112.25467210922537
2025-03-10,22460.30078125,48216.80078125,123.42554448844243,111.6049520460861
2025-03-11,22497.900390625,47853.94921875,123.63216470715011,110.76507817273679
2025-03-12,22470.5,48056.6484375,123.48159200712155,111.23425564245333
2025-03-13,22397.19921875,48060.3984375,123.07878400711638,111.24293557482943
2025-03-17,22508.75,48354.1484375,123.69178630160864,111.92286361095675
2025-03-18,22834.30078125,49314.5,125.48077759009408,114.14574004289695
2025-03-19,22907.599609375,49702.6015625,125.88357485713892,115.04405879424529
2025-03-20,23190.650390625,50062.8515625,127.4390169295276,115.87791096450866
2025-03-21,23350.400390625,50593.55078125,128.31688721826785,117.10629318605416
2025-03-24,23658.349609375,51704.94921875,130.00915306854262,119.67879006082644
2025-03-25,23668.650390625,51607.94921875,130.06575870115725,119.45426914336481
2025-03-26,23486.849609375,51209.0,129.06671329064622,118.53084187929939
2025-03-27,23591.94921875,51575.8515625,129.64426461727228,119.3799743471832
2025-03-28,23519.349609375,51564.8515625,129.24530975001434,119.3545132122133
2025-04-01,23165.69921875,50827.5,127.30190336171343,117.64780342557148
2025-04-02,23332.349609375,51348.05078125,128.2176931991885,118.85269558012419
2025-04-03,23250.099609375,51597.3515625,127.76570677509534,119.42973929280613
2025-04-04,22904.44921875,51502.69921875,125.86626259217735,119.21065237467579
2025-04-07,22161.599609375,49860.1015625,121.78409920518136,115.4086159540412
2025-04-08,22535.849609375,50511.0,123.84070612575123,116.91521713302919
2025-04-09,22399.150390625,50240.1484375,123.08950623445465,116.2882909339734
2025-04-11,22828.55078125,51002.3515625,125.44917975497509,118.0525233557993
2025-04-15,23328.55078125,52379.5,128.1968175914078,121.24013810495737
2025-04-16,23437.19921875,53117.75,128.79387070689637,122.94892745873098
2025-04-17,23851.650390625,54290.19921875,131.07139414929162,125.6627354409053
2025-04-21,24125.55078125,55304.5,132.5765523026815,128.01048535831032
2025-04-22,24167.25,55647.19921875,132.80570100505585,128.80371363673436
2025-04-23,24328.94921875,55370.05078125,133.6942827881741,128.1622123845637
2025-04-24,24246.69921875,55201.3984375,133.24229636408091,127.7718414675451
2025-04-25,24039.349609375,54664.05078125,132.10285309990434,126.52807044922447
2025-04-28,24328.5,55432.80078125,133.6918142073054,128.30745658632367
2025-04-29,24335.94921875,55391.25,133.73274971788413,128.2112811272773
2025-04-30,24334.19921875,55087.1484375,133.72313298545663,127.50739286115345
2025-05-02,24346.69921875,55115.3515625,133.79182393136745,127.57267318589865
2025-05-05,24461.150390625,54919.5,134.42076467190307,127.1193456343647
2025-05-06,24379.599609375,54271.3984375,133.97262064759676,125.61921823827392
2025-05-07,24414.400390625,54610.8984375,134.1638605341966,126.40504144938957
2025-05-08,24273.80078125,54365.6484375,133.3912269211838,125.83737387199305
2025-05-09,24008.0,53595.25,131.93057835415206,124.05417218128689
2025-05-12,24924.69921875,55382.8515625,136.96809327028362,128.19184169539332
2025-05-13,24578.349609375,54940.8515625,135.06480668757877,127.16876699933111
2025-05-14,24666.900390625,54801.30078125,135.5514176415951,126.8457559741895
2025-05-15,25062.099609375,55355.6015625,137.7231462943274,128.12876752012704
2025-05-16,25019.80078125,55354.8984375,137.4907025731414,128.12714003280652
2025-05-19,24945.44921875,55420.69921875,137.08212024049558,128.2794457212183
2025-05-20,24683.900390625,54877.3515625,135.64483732803382,127.02178681109592
2025-05-21,24813.44921875,55075.1015625,136.35674385167735,127.47950857839525
2025-05-22,24609.69921875,54941.30078125,135.23708143333104,127.169806782897
2025-05-23,24853.150390625,55398.25,136.5749127356663,128.22748366771265
2025-05-26,25001.150390625,55572.0,137.38821353525037,128.629653867805
2025-05-27,24826.19921875,55352.80078125,136.4268086165064,128.12228469563365
2025-05-28,24752.44921875,55417.0,136.02153203563256,128.27088332959312
2025-05-29,24833.599609375,55546.05078125,136.46747580307766,128.56959054408168
2025-05-30,24750.69921875,55749.69921875,136.01191530320506,129.0409651216809
2025-06-02,24716.599609375,55903.3984375,135.8245285493524,129.3967248083498
2025-06-03,24542.5,55599.94921875,134.8678032012986,128.69434648879556
2025-06-04,24620.19921875,55676.8515625,135.29478182789612,128.87234839367906
2025-06-05,24750.900390625,55760.8515625,136.0130207981158,129.06677887890353
2025-06-06,25003.05078125,56578.3984375,137.39865670562088,130.95911263604665
2025-06-09,25103.19921875,56839.6015625,137.94899997789008,131.56370609242646
2025-06-10,25104.25,56629.1015625,137.95477431053072,131.07647255504838
2025-06-11,25141.400390625,56459.75,138.15892594836973,130.68448319230552
2025-06-12,24888.19921875,56082.55078125,136.76751570822404,129.81139953602144
2025-06-13,24718.599609375,55527.3515625,135.83551910069812,128.52630842295213
2025-06-16,24946.5,55944.8984375,137.08789457313623,129.49278272664523
2025-06-17,24853.400390625,55714.1484375,136.57628655458453,128.9586775544363
2025-06-18,24812.05078125,55828.75,136.3490590521036,129.2239399044882
2025-06-19,24793.25,55577.44921875,136.2457435762696,128.642266894539
2025-06-20,25112.400390625,56252.8515625,137.99956295385664,130.20558600664702
